post_title,post_text,comment
Just signed up for Asana and my team refuses to use it — what am I doing wrong?,"We're a 12-person marketing agency. I spent a weekend setting up Asana, created projects for all our active clients, invited the whole team. It's been two weeks. Maybe 3 people are using it consistently. The rest just... don't. I send reminders. I explain why it matters. Nothing. I'm starting to think the problem is me. Has anyone successfully gotten a resistant team to actually adopt a PM tool?","Honestly the biggest mistake people make is setting up everything and then just inviting people and expecting them to figure it out. You need to do a team session — like 30 mins on a call, screen share, show them exactly what you want them to do in Asana. Once they know what the expected behavior is, adoption usually follows. People aren't lazy, they're just confused about what you want."
Just signed up for Asana and my team refuses to use it — what am I doing wrong?,"We're a 12-person marketing agency. I spent a weekend setting up Asana, created projects for all our active clients, invited the whole team. It's been two weeks. Maybe 3 people are using it consistent. The rest just... don't. I send reminders. I explain why it matters. Nothing. I'm starting to think the problem is me. Has anyone successfully gotten a resistant team to actually adopt a PM tool?","The real problem is usually that the tool solves YOUR problem (visibility, tracking) but not THEIR problem. What does Asana do for a junior designer on your team? If the answer is nothing except more admin work, why would they use it? Try leading with My Tasks — show them how it becomes their personal to-do list. That's the thing that usually gets people."
Just signed up for Asana and my team refuses to use it — what am I doing wrong?,"We're a 12-person marketing agency. I spent a weekend setting up Asana, created projects for all our active clients, invited the whole team. It's been two weeks. Maybe 3 people are using it consistently. The rest just... don't. I send reminders. I explain why it matters. Nothing. I'm starting to think the problem is me. Has anyone successfully gotten a resistant team to actually adopt a PM tool?","Hot take: if your team isn't adopting a tool, the tool might not be right for your team. Monday.com has way better onboarding for agencies in my experience. We tried Asana twice and both times it was a fight. Switched to Monday and people just started using it without being asked."
Just signed up for Asana and my team refuses to use it — what am I doing wrong?,"We're a 12-person marketing agency. I spent a weekend setting up Asana, created projects for all our active clients, invited the whole team. It's been two weeks. Maybe 3 people are using it consistently. The rest just... don't. I send reminders. I explain why it matters. Nothing. I'm starting to think the problem is me. Has anyone successfully gotten a resistant team to actually adopt a PM tool?","We had the same problem. What worked for us: I stopped trying to migrate existing projects and instead used Asana for ONE new project that everyone had to participate in. Small win, clear structure, everyone contributed. After that project succeeded people were much more willing to use it for everything else. Don't try to boil the ocean on week 1."
Just signed up for Asana and my team refuses to use it — what am I doing wrong?,"We're a 12-person marketing agency. I spent a weekend setting up Asana, created projects for all our active clients, invited the whole team. It's been two weeks. Maybe 3 people are using it consistently. The rest just... don't. I send reminders. I explain why it matters. Nothing. I'm starting to think the problem is me. Has anyone successfully gotten a resistant team to actually adopt a PM tool?","Unpopular opinion: some teams just don't need a PM tool. 12 people is still small. If your real problem is accountability and visibility, that might be a management conversation not a software conversation. Tools don't fix culture."
Asana onboarding is honestly terrible — rant,"I'm a PM with 10 years of experience. I've used Jira, Trello, Basecamp, Smartsheet, ClickUp, Monday. Just moved to a new company that uses Asana and I feel like an idiot. The information architecture makes no sense to me. What's a portfolio vs a project vs a team vs a workspace? Why is the inbox different from notifications? Why does completing a task make it disappear from my board? I know I'll eventually learn this but why is the learning curve THIS steep for a tool that's supposedly for everyone?","lol welcome to Asana. The information architecture genuinely is confusing and you're not alone for feeling that way even as an experienced PM. The key insight that unlocked it for me: think of workspaces as separate companies, teams as departments, projects as... projects, and portfolios as a way to view multiple projects in one dashboard. Once I had that mental model it clicked. But it took like 3 weeks."
Asana onboarding is honestly terrible — rant,"I'm a PM with 10 years of experience. I've used Jira, Trello, Basecamp, Smartsheet, ClickUp, Monday. Just moved to a new company that uses Asana and I feel like an idiot. The information architecture makes no sense to me. What's a portfolio vs a project vs a team vs a workspace? Why is the inbox different from notifications? Why does completing a task make it disappear from my board? I know I'll eventually learn this but why is the learning curve THIS steep for a tool that's supposedly for everyone?","The completed task disappearing from board view drove me insane for months. There's a setting to keep completed tasks visible (View > Show completed tasks) but it's not on by default and there's no tooltip that tells you this happened. I thought I was accidentally deleting tasks."
Asana onboarding is honestly terrible — rant,"I'm a PM with 10 years of experience. I've used Jira, Trello, Basecamp, Smartsheet, ClickUp, Monday. Just moved to a new company that uses Asana and I feel like an idiot. The information architecture makes no sense to me. What's a portfolio vs a project vs a team vs a workspace? Why is the inbox different from notifications? Why does completing a task make it disappear from my board? I know I'll eventually learn this but why is the learning curve THIS steep for a tool that's supposedly for everyone?","Counterpoint: Asana's information architecture actually makes a lot of sense once you understand that it was designed around teams, not projects. Most PM tools are project-centric. Asana is more people-centric — it wants you to think about who is doing what, not just what needs to be done. Once I reframed it that way a lot of the weird design decisions made more sense."
Asana onboarding is honestly terrible — rant,"I'm a PM with 10 years of experience. I've used Jira, Trello, Basecamp, Smartsheet, ClickUp, Monday. Just moved to a new company that uses Asana and I feel like an idiot. The information architecture makes no sense to me. What's a portfolio vs a project vs a team vs a workspace? Why is the inbox different from notifications? Why does completing a task make it disappear from my board? I know I'll eventually learn this but why is the learning curve THIS steep for a tool that's supposedly for everyone?","The inbox vs notifications thing is genuinely bad design and I will die on this hill. Two separate concepts that overlap significantly, explained poorly in the UI. I've used Asana for 3 years and still sometimes check the wrong one."
Asana onboarding is honestly terrible — rant,"I'm a PM with 10 years of experience. I've used Jira, Trello, Basecamp, Smartsheet, ClickUp, Monday. Just moved to a new company that uses Asana and I feel like an idiot. The information architecture makes no sense to me. What's a portfolio vs a project vs a team vs a workspace? Why is the inbox different from notifications? Why does completing a task make it disappear from my board? I know I'll eventually learn this but why is the learning curve THIS steep for a tool that's supposedly for everyone?","The Asana Academy is actually really good if you can set aside 2 hours. I know that sounds like a lot but the certification course covers most of your questions and it's well produced. The problem is most people (including me the first time) just click through the onboarding checklist as fast as possible and then wonder why they're confused."
30 days in and our team has never completed a project in Asana. Is this normal?,"Title says it. We signed up a month ago. We have 3 active projects. None of them are done. Not even close. Tasks get created and then nobody updates them. I check Asana and it feels like a ghost town. I'm the only one adding comments. I'm starting to wonder if we're just bad at this or if there's something structurally wrong with how we set it up. We're an 8-person ops team at a logistics company. Any advice?","This sounds very normal for month one tbh. The key question is: do your projects have clear end states? 'Active projects' that are just ongoing work (like 'manage vendor relationships') don't really work in Asana because there's no moment of completion. Asana works best for time-bounded work with discrete deliverables. If your projects are process-based rather than outcome-based you'll always feel like you're behind."
30 days in and our team has never completed a project in Asana. Is this normal?,"Title says it. We signed up a month ago. We have 3 active projects. None of them are done. Not even close. Tasks get created and then nobody updates them. I check Asana and it feels like a ghost town. I'm the only one adding comments. I'm starting to wonder if we're just bad at this or if there's something structurally wrong with how we set it up. We're an 8-person ops team at a logistics company. Any advice?","The ghost town feeling usually means people aren't getting value from the tool personally. Ask yourself: when a team member completes a task in real life, does marking it done in Asana do anything useful FOR THEM? If the answer is no, they won't do it. The fix is usually to make sure everyone has tasks assigned to them (not just the team) so that marking things done feels like clearing their own to-do list."
30 days in and our team has never completed a project in Asana. Is this normal?,"Title says it. We signed up a month ago. We have 3 active projects. None of them are done. Not even close. Tasks get created and then nobody updates them. I check Asana and it feels like a ghost town. I'm the only one adding comments. I'm starting to wonder if we're just bad at this or if there's something structurally wrong with how we set it up. We're an 8-person ops team at a logistics company. Any advice?","Do you have due dates on the tasks? Projects without due dates on individual tasks become formless. Nobody feels urgency. Assign owners + due dates to every task and suddenly people feel accountable. It sounds obvious but a lot of people create tasks with no dates and then wonder why nothing moves."
30 days in and our team has never completed a project in Asana. Is this normal?,"Title says it. We signed up a month ago. We have 3 active projects. None of them are done. Not even close. Tasks get created and then nobody updates them. I check Asana and it feels like a ghost town. I'm the only one adding comments. I'm starting to wonder if we're just bad at this or if there's something structurally wrong with how we set it up. We're an 8-person ops team at a logistics company. Any advice?","Honestly I would recommend canceling your subscription and coming back in 3 months when you have a specific project that genuinely needs it. Trying to adopt a PM tool without a clear immediate use case almost always fails. Wait until you're drowning in a specific coordination problem, THEN sign up and use it to solve that specific problem. That's how successful adoptions happen in my experience."
30 days in and our team has never completed a project in Asana. Is this normal?,"Title says it. We signed up a month ago. We have 3 active projects. None of them are done. Not even close. Tasks get created and then nobody updates them. I check Asana and it feels like a ghost town. I'm the only one adding comments. I'm starting to wonder if we're just bad at this or if there's something structurally wrong with how we set it up. We're an 8-person ops team at a logistics company. Any advice?","We were in the same boat. What turned it around: I deleted 2 of the 3 projects and focused everything on one. Fewer projects = more focused energy = first completion = momentum. Don't spread your team across 3 projects when you're still learning the tool."
Engineering team literally laughed when I suggested Asana. How do you handle this?,"I'm a head of product at a 40-person startup. I want to use Asana to create visibility across product, engineering, and design. Product and design are on board. Engineering said (and I quote) 'we already have GitHub Issues, why would we add another tool on top.' I don't have a great answer. Has anyone successfully gotten engineers to engage with Asana without making them abandon their existing workflow?","Engineers are right that GitHub Issues is better for engineering work. Don't fight it. Use Asana for cross-functional coordination and milestone tracking, keep GitHub for the actual sprint work. Your job as head of product is to translate between the two, not force engineers into your preferred tool. It's annoying but it works."
Engineering team literally laughed when I suggested Asana. How do you handle this?,"I'm a head of product at a 40-person startup. I want to use Asana to create visibility across product, engineering, and design. Product and design are on board. Engineering said (and I quote) 'we already have GitHub Issues, why would we add another tool on top.' I don't have a great answer. Has anyone successfully gotten engineers to engage with Asana without making them abandon their existing workflow?","We used the GitHub integration to pull PR status into Asana tasks. Engineers could stay in GitHub, I could see progress in Asana. It was a bit clunky to set up and the mapping wasn't perfect but it reduced the 'double entry' complaint significantly. Might be worth exploring before giving up."
Engineering team literally laughed when I suggested Asana. How do you handle this?,"I'm a head of product at a 40-person startup. I want to use Asana to create visibility across product, engineering, and design. Product and design are on board. Engineering said (and I quote) 'we already have GitHub Issues, why would we add another tool on top.' I don't have a great answer. Has anyone successfully gotten engineers to engage with Asana without making them abandon their existing workflow?","Have you considered Linear instead of Asana? Linear is built for engineering teams and has much better developer tooling. It also has cross-team views that can work for product/design. It won't do everything Asana does but if your primary problem is cross-functional visibility in a eng-heavy org, Linear might actually solve it better."
Engineering team literally laughed when I suggested Asana. How do you handle this?,"I'm a head of product at a 40-person startup. I want to use Asana to create visibility across product, engineering, and design. Product and design are on board. Engineering said (and I quote) 'we already have GitHub Issues, why would we add another tool on top.' I don't have a great answer. Has anyone successfully gotten engineers to engage with Asana without making them abandon their existing workflow?","The real issue is that engineers don't want their work to be visible in a way that makes it easy to ask 'why isn't X done yet.' Asana creates that visibility and engineers (reasonably) push back because it feels like surveillance. The framing matters a lot — 'this is so the whole company can celebrate when things ship' lands very differently than 'this is so leadership can see your progress.'"
Engineering team literally laughed when I suggested Asana. How do you handle this?,"I'm a head of product at a 40-person startup. I want to use Asana to create visibility across product, engineering, and design. Product and design are on board. Engineering said (and I quote) 'we already have GitHub Issues, why would we add another tool on top.' I don't have a great answer. Has anyone successfully gotten engineers to engage with Asana without making them abandon their existing workflow?","I'll go against the grain here: we forced it and it worked. Not immediately, but within 2 months. The key was that the ENG lead agreed to maintain high-level milestone tasks in Asana (not granular sprint tasks, just milestones) and we never asked engineers to touch it directly. The eng lead spent 10 mins a day keeping it updated. Inconvenient for him, really valuable for everyone else."
What actually helped your team complete their first Asana project? Looking for real advice not docs,"Trying to compile some real-world tactics. We're 3 weeks in and close to finishing our first project but it feels like it's limping to the finish line. Things that haven't worked: sending tutorial links, pointing to Asana Academy, the onboarding checklist. What actually worked for your team?","Honestly? Pressure. We had an external deadline tied to the project (client deliverable) and that forced everyone to actually update their tasks because I was referencing Asana in our client check-ins. If there's no external accountability the internal accountability just doesn't materialize."
What actually helped your team complete their first Asana project? Looking for real advice not docs,"Trying to compile some real-world tactics. We're 3 weeks in and close to finishing our first project but it feels like it's limping to the finish line. Things that haven't worked: sending tutorial links, pointing to Asana Academy, the onboarding checklist. What actually worked for your team?","Making Asana the exclusive place where I gave feedback. I stopped leaving feedback in Slack, stopped emailing comments, stopped saying things verbally in meetings without also logging them as a task or comment in Asana. Eventually people realized if they wanted my input they had to be in Asana. Felt heavy-handed but it worked within 2 weeks."
What actually helped your team complete their first Asana project? Looking for real advice not docs,"Trying to compile some real-world tactics. We're 3 weeks in and close to finishing our first project but it feels like it's limping to the finish line. Things that haven't worked: sending tutorial links, pointing to Asana Academy, the onboarding checklist. What actually worked for your team?","Short weekly check-in where I pulled up the Asana board on the shared screen and we walked through it together as a team. Not to shame people with incomplete tasks but to update things in real time together. After 3 of those sessions the habit started forming and people started updating between sessions. The shared ritual matters."
What actually helped your team complete their first Asana project? Looking for real advice not docs,"Trying to compile some real-world tactics. We're 3 weeks in and close to finishing our first project but it feels like it's limping to the finish line. Things that haven't worked: sending tutorial links, pointing to Asana Academy, the onboarding checklist. What actually worked for your team?","The thing that worked for us was surprisingly simple: I made sure every single person had at least one task assigned to them in the first project with a due date within the first week. Having your name on something with a deadline is different from being 'on a project.' Ownership matters."
What actually helped your team complete their first Asana project? Looking for real advice not docs,"Trying to compile some real-world tactics. We're 3 weeks in and close to finishing our first project but it feels like it's limping to the finish line. Things that haven't worked: sending tutorial links, pointing to Asana Academy, the onboarding checklist. What actually worked for your team?","Celebrate completions loudly. When the first project finished I sent a Slack message to the whole team saying 'great job everyone, here's what we shipped, here's the Asana link showing everything green.' People felt good. Second project adoption was way easier."
Asana vs Monday for a 15-person ops team — we've been on Asana for 6 weeks and I'm second-guessing ourselves,"I was the one who pushed for Asana over Monday. Now 6 weeks in, half my team still barely uses it, and our ops coordinator (who uses it most) keeps saying Monday looks easier. I don't want to sunk-cost myself into staying on Asana if Monday would actually solve our adoption problem. But I also don't want to switch and have the same adoption problem on a new platform. Thoughts?","The grass is always greener. I've been on Monday for 2 years and we still have half the team who barely uses it. Adoption is a people problem not a software problem. Switching tools resets your progress without fixing the underlying issue."
Asana vs Monday for a 15-person ops team — we've been on Asana for 6 weeks and I'm second-guessing ourselves,"I was the one who pushed for Asana over Monday. Now 6 weeks in, half my team still barely uses it, and our ops coordinator (who uses it most) keeps saying Monday looks easier. I don't want to sunk-cost myself into staying on Asana if Monday would actually solve our adoption problem. But I also don't want to switch and have the same adoption problem on a new platform. Thoughts?","I switched from Asana to Monday and back to Asana and I'll tell you: Monday is genuinely easier for non-technical users to get started. The visual column interface clicks faster for people who've never used a PM tool. Asana has more depth but Monday has better first-hour experience. For a team where adoption is the main problem, Monday's easier onboarding is a real advantage, not just marketing."
Asana vs Monday for a 15-person ops team — we've been on Asana for 6 weeks and I'm second-guessing ourselves,"I was the one who pushed for Asana over Monday. Now 6 weeks in, half my team still barely uses it, and our ops coordinator (who uses it most) keeps saying Monday looks easier. I don't want to sunk-cost myself into staying on Asana if Monday would actually solve our adoption problem. But I also don't want to switch and have the same adoption problem on a new platform. Thoughts?","6 weeks is too early to evaluate adoption. Give it 3 months with consistent effort. Most successful Asana teams I know had the same doubts at 6 weeks. The teams that stuck with it and did the work to drive adoption came out the other side and said they couldn't imagine going back. The teams that switched at 6 weeks usually switched again 6 months later."
Asana vs Monday for a 15-person ops team — we've been on Asana for 6 weeks and I'm second-guessing ourselves,"I was the one who pushed for Asana over Monday. Now 6 weeks in, half my team still barely uses it, and our ops coordinator (who uses it most) keeps saying Monday looks easier. I don't want to sunk-cost myself into staying on Asana if Monday would actually solve our adoption problem. But I also don't want to switch and have the same adoption problem on a new platform. Thoughts?","Ask your ops coordinator specifically what about Monday looks easier. If it's a specific UI thing (like the visual board) you can replicate that in Asana by switching your project to Board view. Sometimes 'the other tool looks easier' is actually 'I haven't found the right view in this tool yet.'"
Is there any way to make Asana less overwhelming for people who just need to check off their tasks?,"I'm a power user and I love Asana. My team of 8 does not. For them the interface is just too much — there are too many sidebars, too many options, too many notifications. They have simple needs: see what they need to do today, mark things done, done. Is there a way to simplify the experience for casual users? Or is this a fundamental product design issue?","My Tasks + Focus Mode is your answer. If you tell people to ignore everything except My Tasks and use it as a simple to-do list, it's actually really clean. The problem is people land on Home or a project page first and get overwhelmed by everything they don't need. Bookmark My Tasks directly and set it as the default landing page in profile settings."
Is there any way to make Asana less overwhelming for people who just need to check off their tasks?,"I'm a power user and I love Asana. My team of 8 does not. For them the interface is just too much — there are too many sidebars, too many options, too many notifications. They have simple needs: see what they need to do today, mark things done, done. Is there a way to simplify the experience for casual users? Or is this a fundamental product design issue?","This is a real product gap and I don't think there's a great in-product solution right now. The interface is optimized for project managers, not task executors. If your team needs a dead-simple task view, something like Todoist or even just assigning tasks from Asana that sync to email might actually serve them better. Not every team member needs to live in the PM tool — some people just need to receive tasks and mark them done."
Is there any way to make Asana less overwhelming for people who just need to check off their tasks?,"I'm a power user and I love Asana. My team of 8 does not. For them the interface is just too much — there are too many sidebars, too many options, too many notifications. They have simple needs: see what they need to do today, mark things done, done. Is there a way to simplify the experience for casual users? Or is this a fundamental product design issue?","Turn off email notifications entirely for the casual users. The notification flood is the #1 reason people disengage. Once they're not getting 20 emails a day about tasks they don't care about, the experience becomes much calmer. Then show them just My Tasks. That combo fixed it for us."
Is there any way to make Asana less overwhelming for people who just need to check off their tasks?,"I'm a power user and I love Asana. My team of 8 does not. For them the interface is just too much — there are too many sidebars, too many options, too many notifications. They have simple needs: see what they need to do today, mark things done, done. Is there a way to simplify the experience for casual users? Or is this a fundamental product design issue?","Asana has said in various places they're aware of the complexity problem and working on it. Until they ship a simplified mode (if they ever do), the best you can do is onboard people specifically to My Tasks and literally hide the sidebar by showing them how to collapse it. Remove friction by removing choice."
